City_ID,City,Country,Lat,Lng,Max Temp,Humidity,Cloudiness,Wind Speed,Weather Desc
0,Busselton,AU,-33.65,115.3333,65.08,89,0,15.55,clear sky
1,Ushuaia,AR,-54.8,-68.3,49.66,87,100,17.27,light rain
2,Manta,EC,-0.95,-80.7333,82.18,74,40,8.05,scattered clouds
3,Sabang,ID,5.8933,95.3214,82.29,71,19,9.73,few clouds
4,Bubaque,GW,11.2833,-15.8333,78.19,72,100,21.52,overcast clouds
5,Punta Arenas,CL,-53.15,-70.9167,53.71,62,75,14.97,light rain
6,Bluff,NZ,-46.6,168.3333,61.81,88,100,6.85,light rain
7,San Borja,BO,-14.8167,-66.85,81.39,74,76,3.29,broken clouds
8,Krasnyy Chikoy,RU,50.3643,108.7512,-18.26,100,96,1.63,overcast clouds
9,Shahreza,IR,32.0339,51.8794,37.13,32,0,5.14,clear sky
10,Rikitea,PF,-23.1203,-134.9692,77.29,74,100,12.8,light rain
11,Zhigansk,RU,66.7697,123.3711,-27.8,100,100,3.67,overcast clouds
12,Krasnoselkup,RU,65.7,82.4667,-9.53,99,100,8.05,overcast clouds
13,Salalah,OM,17.0151,54.0924,70.47,69,41,3.6,scattered clouds
14,Nanortalik,GL,60.1432,-45.2371,20.21,70,100,14.03,light snow
15,Thompson,CA,55.7435,-97.8558,-2.04,71,20,2.3,few clouds
16,Klaksvik,FO,62.2266,-6.589,34.72,65,77,34.47,broken clouds
17,Patacamaya,BO,-17.2333,-67.9167,58.08,50,100,7.54,light rain
18,Onguday,RU,50.75,86.15,-8.09,98,49,2.68,scattered clouds
19,Wenling,CN,28.3669,121.36,38.91,97,100,12.97,overcast clouds
20,Lebu,CL,-37.6167,-73.65,64.9,74,3,8.52,clear sky
21,Atuona,PF,-9.8,-139.0333,77.23,80,29,14.54,light rain
22,Olafsvik,IS,64.8945,-23.7142,38.41,70,100,27.18,overcast clouds
23,Ixtapa,MX,20.7,-105.2,86.63,34,0,7.09,clear sky
24,Longyearbyen,SJ,78.2186,15.6401,8.44,66,20,14.97,few clouds
25,Kapaa,US,22.0752,-159.319,73.72,89,100,10.36,overcast clouds
26,Hobart,AU,-42.8794,147.3294,60.66,67,100,8.05,overcast clouds
27,Vaini,TO,-21.2,-175.2,81.34,79,100,17.36,light rain
28,Upernavik,GL,72.7868,-56.1549,1.42,93,100,3.65,overcast clouds
29,Fort Saint James,CA,54.4333,-124.25,27.46,95,100,5.66,overcast clouds
30,Bambanglipuro,ID,-7.95,110.2833,78.04,85,100,4.68,overcast clouds
31,Touros,BR,-5.1989,-35.4608,83.3,70,100,10.67,overcast clouds
32,Port Augusta,AU,-32.5,137.7667,73.71,57,28,7.34,scattered clouds
33,Nassau,US,40.7507,-73.5829,19.65,78,100,5.99,haze
34,East London,ZA,-33.0153,27.9116,72.54,78,75,9.22,broken clouds
35,Vila Franca Do Campo,PT,37.7167,-25.4333,63.19,75,40,8.75,scattered clouds
36,Bethel,US,41.3712,-73.414,15.85,83,100,7.0,light snow
37,Port Alfred,ZA,-33.5906,26.891,70.41,77,41,13.38,scattered clouds
38,Faanui,PF,-16.4833,-151.75,80.15,74,18,12.5,moderate rain
39,Urbana,US,40.1106,-88.2073,26.04,61,86,5.99,overcast clouds
40,Cabedelo,BR,-6.9811,-34.8339,84.87,71,55,8.57,broken clouds
41,Yar-Sale,RU,66.8333,70.8333,-7.83,96,100,8.23,overcast clouds
42,Pevek,RU,69.7008,170.3133,-15.81,99,98,2.08,overcast clouds
43,Quesnel,CA,52.9999,-122.5029,28.9,69,100,5.75,overcast clouds
44,Nuuk,GL,64.1835,-51.7216,11.88,85,100,11.01,overcast clouds
45,Krasnovishersk,RU,60.4078,57.082,8.06,97,100,2.42,overcast clouds
46,Toora-Khem,RU,52.4675,96.11,-22.63,100,95,0.45,overcast clouds
47,Quilali,NI,13.567,-86.026,83.88,30,2,10.76,clear sky
48,Airai,TL,-8.9266,125.4092,60.64,93,100,3.4,overcast clouds
49,Hobyo,SO,5.3505,48.5268,77.32,76,13,24.67,few clouds
50,Bermeo,ES,43.4209,-2.7215,48.81,79,0,9.44,clear sky
51,Flinders,AU,-34.5833,150.8552,74.21,85,100,5.99,overcast clouds
52,Sao Felix Do Xingu,BR,-6.6447,-51.995,77.58,89,96,5.21,overcast clouds
53,Lasa,IT,46.6166,10.7002,45.48,61,7,8.93,clear sky
54,Barrow,US,71.2906,-156.7887,-16.26,99,100,10.18,overcast clouds
55,Paciran,ID,-6.8767,112.3761,78.76,84,100,7.52,overcast clouds
56,Jamestown,US,42.097,-79.2353,17.53,45,20,5.99,few clouds
57,Sistranda,NO,63.7256,8.834,39.16,81,100,26.26,overcast clouds
58,Upington,ZA,-28.4478,21.2561,89.98,25,40,16.11,scattered clouds
59,Trairi,BR,-3.2778,-39.2689,83.16,60,49,10.09,scattered clouds
60,La Mana,EC,-0.9333,-79.2167,96.01,85,100,3.2,light rain
61,Nome,US,64.5011,-165.4064,-4.85,68,0,6.6,clear sky
62,Georgetown,MY,5.4112,100.3354,83.89,89,20,1.99,few clouds
63,Vao,NC,-22.6667,167.4833,78.31,86,98,10.04,overcast clouds
64,Hermanus,ZA,-34.4187,19.2345,67.8,71,1,15.86,clear sky
65,Cape Town,ZA,-33.9258,18.4232,68.41,74,20,5.99,few clouds
66,San Luis,AR,-33.295,-66.3356,88.68,24,0,4.09,clear sky
67,Berdigestyakh,RU,62.0989,126.6992,-25.15,100,100,2.64,overcast clouds
68,Lodja,CD,-3.4833,23.4333,72.45,77,60,1.59,broken clouds
69,Katsuura,JP,35.1333,140.3,41.18,84,31,13.91,scattered clouds
70,Puerto Carreno,CO,6.189,-67.4859,91.38,40,40,11.5,scattered clouds
71,Bilma,NE,18.6853,12.9164,63.23,16,0,10.13,clear sky
72,Mataura,NZ,-46.1927,168.8643,61.48,96,100,1.88,light rain
73,Carnarvon,AU,-24.8667,113.6333,73.47,94,67,6.91,broken clouds
74,Minab,IR,27.1467,57.0801,67.5,70,1,3.6,clear sky
75,Kahului,US,20.8947,-156.47,76.26,69,20,14.97,few clouds
76,Saint-Philippe,RE,-21.3585,55.7679,80.19,84,56,9.51,broken clouds
77,North Myrtle Beach,US,33.816,-78.68,42.12,54,0,17.27,clear sky
78,Albany,US,42.6001,-73.9662,14.31,66,100,4.0,overcast clouds
79,Mungaa,TZ,-4.9667,34.8833,60.73,97,100,4.7,light rain
80,Laguna,US,38.421,-121.4238,62.96,69,40,1.01,scattered clouds
81,Avarua,CK,-21.2078,-159.775,80.65,83,20,5.75,few clouds
82,Kimbe,PG,-5.5502,150.1429,75.74,94,100,2.24,light rain
83,Dingle,PH,10.9995,122.6711,74.98,91,11,1.86,few clouds
84,Kawambwa,ZM,-9.7915,29.0791,64.38,95,99,3.04,overcast clouds
85,Lerwick,GB,60.1545,-1.1494,39.2,77,81,43.22,broken clouds
86,Sur,OM,22.5667,59.5289,71.53,54,5,3.62,clear sky
87,Dikson,RU,73.5069,80.5464,2.88,93,100,21.41,overcast clouds
88,Bacalar,MX,18.6667,-88.3833,75.31,64,40,11.5,scattered clouds
89,Cabo San Lucas,MX,22.8909,-109.9124,82.62,60,68,5.01,broken clouds
90,Port Elizabeth,ZA,-33.918,25.5701,70.11,77,0,11.5,clear sky
91,Sogne,NO,58.0833,7.8167,40.86,68,10,33.33,light rain
92,Mangan,IN,27.5167,88.5333,49.5,54,57,3.71,broken clouds
93,Bathsheba,BB,13.2167,-59.5167,83.01,81,40,20.71,scattered clouds
94,Emba,KZ,48.8264,58.1442,17.02,96,100,11.1,light snow
95,Valer,NO,60.6785,11.8331,43.3,76,100,12.71,overcast clouds
96,Arraial Do Cabo,BR,-22.9661,-42.0278,87.76,74,0,11.5,thunderstorm
97,Yumen,CN,40.2833,97.2,15.31,58,1,4.97,clear sky
98,Luderitz,NA,-26.6481,15.1594,68.22,78,53,10.33,broken clouds
99,Tiksi,RU,71.6872,128.8694,-8.48,100,56,3.98,broken clouds
100,Saint Anthony,US,45.0205,-93.218,27.34,60,100,4.0,overcast clouds
101,Oulu,FI,65.0124,25.4682,26.71,93,100,11.5,light snow
102,Ylojarvi,FI,61.5563,23.5961,31.91,96,100,13.8,snow
103,Ambon,ID,-3.6954,128.1814,77.14,94,40,3.44,scattered clouds
104,Hilo,US,19.7297,-155.09,73.62,74,36,1.99,scattered clouds
105,Saint-Pierre,RE,-21.3393,55.4781,80.28,69,18,6.91,few clouds
106,Sorland,NO,67.667,12.6934,32.0,83,100,18.5,light snow
107,Fairbanks,US,64.8378,-147.7164,-14.98,70,0,4.61,clear sky
108,Perth,AU,-31.9333,115.8333,75.33,74,0,4.61,clear sky
109,Imbituba,BR,-28.24,-48.6703,75.81,80,87,9.64,overcast clouds
110,Poum,NC,-20.2333,164.0167,80.73,80,32,8.77,scattered clouds
111,Marystown,CA,47.1666,-55.1483,35.85,100,100,15.01,overcast clouds
112,Baruun-Urt,MN,46.6806,113.2792,-7.94,89,19,2.66,few clouds
113,Buala,SB,-8.145,159.5921,80.04,83,100,7.72,light rain
114,Cairns,AU,-16.9167,145.7667,76.95,83,75,5.75,broken clouds
115,Choma,ZM,-16.8065,26.9531,65.55,95,100,2.55,light rain
116,Narsaq,GL,60.9167,-46.05,10.47,94,100,2.21,overcast clouds
117,Pangnirtung,CA,66.1451,-65.7125,-14.8,70,100,2.3,light snow
118,Bengkulu,ID,-3.8004,102.2655,76.48,89,100,3.4,overcast clouds
119,Grand Gaube,MU,-20.0064,57.6608,81.0,76,79,4.0,broken clouds
120,Saldanha,ZA,-33.0117,17.9442,73.45,83,0,20.65,clear sky
121,Ribeira Grande,PT,38.5167,-28.7,63.0,63,20,6.91,few clouds
122,Champerico,GT,14.3,-91.9167,90.14,63,4,10.33,clear sky
123,San Jose,US,37.3394,-121.895,61.56,54,40,0.0,scattered clouds
124,Chumikan,RU,54.7183,135.315,-1.62,90,100,20.33,overcast clouds
125,Zhangjiakou,CN,40.81,114.8794,17.87,54,26,1.66,light snow
126,Durban,ZA,-29.8579,31.0292,74.01,89,88,1.01,overcast clouds
127,Puerto Colombia,CO,10.9878,-74.9547,84.29,71,2,18.54,clear sky
128,Nikolskoye,RU,59.7035,30.7861,26.87,87,100,13.29,light snow
129,Mar Del Plata,AR,-38.0023,-57.5575,84.22,87,0,21.0,clear sky
130,Cidreira,BR,-30.1811,-50.2056,74.66,56,84,12.41,broken clouds
131,Eenhana,NA,-17.4667,16.3333,80.35,83,100,2.17,light rain
132,Frederico Westphalen,BR,-27.3592,-53.3944,72.45,68,82,7.96,broken clouds
133,Marsa Matruh,EG,31.3525,27.2453,55.26,54,1,11.95,clear sky
134,Ulladulla,AU,-35.35,150.4667,71.87,94,99,1.79,overcast clouds
135,Maragogi,BR,-9.0122,-35.2225,78.19,66,100,1.81,overcast clouds
136,Hurricane,US,37.1753,-113.2899,59.34,21,77,1.77,broken clouds
137,Nouadhibou,MR,20.931,-17.0347,67.98,60,100,16.11,overcast clouds
138,Teguise,ES,29.0605,-13.564,62.82,59,0,13.8,haze
139,Novikovo,RU,51.1537,37.8879,28.94,97,100,4.88,overcast clouds
140,Manzanillo,CU,20.3433,-77.1167,83.59,50,12,9.17,few clouds
141,Clyde River,CA,70.4692,-68.5914,-5.57,65,100,18.41,snow
142,Vanimo,PG,-2.6741,141.3028,76.1,90,100,8.43,overcast clouds
143,Qaanaaq,GL,77.484,-69.3632,-4.97,62,100,8.93,overcast clouds
144,Vestmannaeyjar,IS,63.4427,-20.2734,36.59,87,40,9.22,scattered clouds
145,Okhotsk,RU,59.3833,143.3,13.57,80,100,15.88,overcast clouds
146,Saint George,US,37.1041,-113.5841,52.36,28,0,1.01,clear sky
147,Lompoc,US,34.6391,-120.4579,67.14,49,0,8.05,clear sky
148,Henties Bay,NA,-22.116,14.2845,63.86,81,90,7.74,overcast clouds
149,Abu Dhabi,AE,24.4667,54.3667,68.11,75,0,4.61,clear sky
150,Vila Do Maio,CV,15.1333,-23.2167,72.39,71,100,17.49,overcast clouds
151,Castro,BR,-24.7911,-50.0119,60.8,98,100,5.32,overcast clouds
152,Hofn,IS,64.2539,-15.2082,27.99,59,0,13.91,clear sky
153,Chokurdakh,RU,70.6333,147.9167,-13.4,87,100,1.05,overcast clouds
154,Puerto Ayora,EC,-0.7393,-90.3518,80.56,69,17,9.64,few clouds
155,Sitka,US,57.0531,-135.33,39.09,81,75,9.22,moderate rain
156,Yenagoa,NG,4.9247,6.2642,78.53,50,11,5.37,few clouds
157,New Norfolk,AU,-42.7826,147.0587,60.3,99,22,1.23,few clouds
158,Hasaki,JP,35.7333,140.8333,32.4,70,47,15.12,scattered clouds
159,Merauke,ID,-8.4667,140.3333,80.19,79,100,7.07,light rain
160,Palmer,US,42.1584,-72.3287,18.64,79,100,5.01,light snow
161,Mezen,RU,65.8522,44.24,13.51,95,99,8.46,overcast clouds
162,Diamantino,BR,-14.4086,-56.4461,77.59,90,100,5.28,moderate rain
163,Songjianghe,CN,42.1859,127.479,-1.39,94,5,4.99,clear sky
164,Ovsyanka,RU,55.9575,92.5519,-9.78,100,69,4.34,broken clouds
165,Nguru,NG,12.8791,10.4526,69.04,11,0,10.8,clear sky
166,Bredasdorp,ZA,-34.5322,20.0403,67.32,73,5,10.36,clear sky
167,Tucumcari,US,35.1717,-103.725,53.94,14,0,8.63,clear sky
168,Saint-Joseph,RE,-21.3667,55.6167,79.18,83,33,10.47,scattered clouds
169,Omboue,GA,-1.5746,9.2618,78.76,84,94,5.08,overcast clouds
170,Ponta Do Sol,PT,32.6667,-17.1,65.03,69,9,4.38,clear sky
171,Muyezerskiy,RU,63.9333,31.65,23.02,77,100,15.37,overcast clouds
172,Baikunthpur,IN,23.25,82.55,51.98,36,0,3.53,clear sky
173,Ahipara,NZ,-35.1667,173.1667,60.06,85,41,6.67,scattered clouds
174,Greensburg,US,40.3015,-79.5389,21.67,58,0,8.99,clear sky
175,Lindi,TZ,-10.0,39.7167,73.49,98,100,2.08,overcast clouds
176,Kodiak,US,57.79,-152.4072,28.27,74,100,13.98,overcast clouds
177,Phu Ly,VN,20.5411,105.9139,54.1,78,100,10.58,overcast clouds
178,Beringovskiy,RU,63.05,179.3167,-10.68,100,99,4.72,overcast clouds
179,Kaeo,NZ,-35.1,173.7833,63.32,85,23,8.37,few clouds
180,Yellowknife,CA,62.456,-114.3525,-5.58,85,100,5.75,light snow
181,Yulara,AU,-25.2406,130.9889,80.44,69,100,17.27,overcast clouds
182,Tirat Karmel,IL,32.7617,34.9719,50.63,79,98,8.16,overcast clouds
183,Puerto Rico,AR,-26.796,-55.024,89.65,38,4,5.01,clear sky
184,Geraldton,AU,-28.7667,114.6,70.21,88,0,4.61,clear sky
185,Kiama,AU,-34.6833,150.8667,73.58,86,100,3.0,overcast clouds
186,Jaypur,IN,18.85,82.5833,57.76,34,0,1.52,clear sky
187,Mahenge,TZ,-8.6833,36.7167,62.58,98,100,2.13,overcast clouds
188,Makakilo City,US,21.3469,-158.0858,76.28,67,15,17.18,few clouds
189,Komsomolskiy,UZ,40.4272,71.7189,36.32,93,75,2.3,mist
190,Biltine,TD,14.5333,20.9167,70.07,11,0,13.13,clear sky
191,Shemonaikha,KZ,50.6328,81.9056,-4.0,92,30,6.29,scattered clouds
192,Meulaboh,ID,4.1363,96.1285,77.97,88,90,3.83,overcast clouds
193,Kamaishi,JP,39.2667,141.8833,27.82,62,32,14.36,scattered clouds
194,Alice Springs,AU,-23.7,133.8833,72.95,100,75,12.66,broken clouds
195,Bichura,RU,50.5881,107.6022,-12.82,99,95,1.99,overcast clouds
196,Foumbot,CM,5.5079,10.6356,73.98,21,100,2.62,overcast clouds
197,Huangzhai,CN,38.0751,112.6595,18.01,83,53,3.27,broken clouds
198,Ola,RU,59.5833,151.2833,9.75,78,100,14.65,overcast clouds
199,Robertsport,LR,6.7533,-11.3686,81.19,79,100,11.39,overcast clouds
200,Chipinge,ZW,-20.1883,32.6236,65.88,87,32,7.23,scattered clouds
201,Vysha,RU,53.8477,42.3777,19.96,98,97,4.09,snow
202,Esna,EG,25.2934,32.554,55.42,41,3,9.84,clear sky
203,Samarai,PG,-10.6167,150.6667,79.59,81,100,10.87,light rain
204,Saurimo,AO,-9.6608,20.3916,66.29,91,100,3.96,overcast clouds
205,Westport,US,41.1415,-73.3579,18.25,89,100,8.01,light snow
206,Pouebo,NC,-20.4,164.5667,77.04,87,13,3.22,few clouds
207,Xuddur,SO,4.1213,43.8894,77.29,27,28,10.76,scattered clouds
208,Altay,CN,47.8667,88.1167,1.63,52,7,7.63,clear sky
209,Ulaangom,MN,49.9811,92.0667,-20.04,96,100,1.5,overcast clouds
210,La Vista,US,41.1839,-96.0311,54.45,42,0,1.01,clear sky
211,La Ligua,CL,-32.4524,-71.2311,71.38,55,29,10.67,scattered clouds
212,Charleville-Mezieres,FR,49.7667,4.7167,48.99,93,100,14.0,overcast clouds
213,Twin Falls,US,42.3505,-114.6445,18.1,64,3,0.34,clear sky
214,Tasiilaq,GL,65.6145,-37.6368,1.81,77,82,4.34,broken clouds
215,Kantunilkin,MX,21.0917,-87.45,73.24,55,100,7.34,overcast clouds
216,Okha,RU,53.5739,142.9478,-14.13,89,78,10.27,broken clouds
217,Lakes Entrance,AU,-37.8811,147.981,67.57,97,100,7.85,overcast clouds
218,Yurty,RU,56.0498,97.6348,-12.44,100,85,2.44,overcast clouds
219,Los Llanos De Aridane,ES,28.6585,-17.9182,62.35,76,19,12.66,few clouds
220,Grindavik,IS,63.8424,-22.4338,36.07,80,75,14.97,broken clouds
221,Severo-Kurilsk,RU,50.6789,156.125,23.43,75,86,19.39,overcast clouds
222,Leningradskiy,RU,69.3833,178.4167,-6.07,85,54,3.29,broken clouds
223,Hokitika,NZ,-42.7167,170.9667,58.57,74,100,2.42,overcast clouds
224,Kedrovyy,RU,56.1667,91.8167,-12.14,99,41,4.0,scattered clouds
225,Bambous Virieux,MU,-20.3428,57.7575,80.85,83,40,8.05,scattered clouds
226,Stromness,GB,58.965,-3.296,41.25,70,16,37.94,few clouds
227,Vila,PT,42.0304,-8.1588,44.92,56,5,4.65,clear sky
228,Arrecife,ES,28.963,-13.5477,66.18,59,0,13.8,haze
229,Kolokani,ML,13.5728,-8.0339,82.35,13,3,9.57,clear sky
230,Pisco,PE,-13.7,-76.2167,75.25,64,0,11.5,clear sky
231,Fare,PF,-16.7,-151.0167,80.47,74,12,12.95,few clouds
232,Necochea,AR,-38.5473,-58.7368,88.03,37,0,13.22,clear sky
233,Kaitangata,NZ,-46.2817,169.8464,54.86,95,100,4.54,light rain
234,Belaya Gora,RU,68.5333,146.4167,-11.69,99,100,1.48,overcast clouds
235,Amsterdam,NL,52.374,4.8897,49.91,72,0,5.99,clear sky
236,Chancay,PE,-11.5714,-77.2672,75.07,73,29,10.6,scattered clouds
237,Skibbereen,IE,51.55,-9.2667,46.2,82,29,6.2,scattered clouds
238,Saskylakh,RU,71.9167,114.0833,-21.53,98,100,3.49,overcast clouds
239,Santa Maria,BR,-29.6842,-53.8069,79.9,44,40,18.41,scattered clouds
240,Punakha,BT,27.5837,89.8598,43.16,76,63,1.95,broken clouds
241,Cabral,DO,18.25,-71.2167,85.86,66,40,13.8,scattered clouds
242,Ostrovnoy,RU,68.0531,39.5131,12.76,90,100,14.14,overcast clouds
243,Potosi,BO,-19.5836,-65.7531,52.11,67,100,6.67,overcast clouds
244,Kamenka,RU,51.3223,42.7678,31.75,98,100,7.9,overcast clouds
245,Arbroath,GB,56.5632,-2.5874,43.81,63,7,19.8,clear sky
246,Faya,SA,18.3851,42.4509,54.12,68,0,5.14,clear sky
247,Ritchie,ZA,-29.038,24.6028,76.21,30,11,10.29,few clouds
248,Butaritari,KI,3.0707,172.7902,81.75,77,12,19.33,light rain
249,Howard Springs,AU,-12.497,131.047,76.91,99,100,15.88,light rain
250,Iquitos,PE,-3.7481,-73.2472,91.44,49,20,8.05,few clouds
251,Benjamin Constant,BR,-4.3831,-70.0311,89.73,58,40,4.61,scattered clouds
252,Magaria,NE,12.9983,8.9099,68.22,12,3,11.12,clear sky
253,Cabinda,AO,-5.55,12.2,82.54,83,75,6.91,broken clouds
254,Sayaxche,GT,16.5167,-90.1667,67.05,91,100,4.65,overcast clouds
255,North Bend,US,43.4065,-124.2243,52.07,71,0,3.44,clear sky
256,Richards Bay,ZA,-28.783,32.0377,72.01,84,67,4.68,broken clouds
257,Margate,GB,51.3813,1.3862,51.96,67,59,13.0,broken clouds
258,Gornopravdinsk,RU,60.05,69.9,4.39,97,100,3.78,overcast clouds
259,Hambantota,LK,6.1241,81.1185,77.34,100,40,2.3,scattered clouds
260,Adrar,MR,20.5022,-10.0711,81.21,11,100,8.99,overcast clouds
261,Haradok,BY,55.4624,29.9816,20.82,92,100,11.72,light snow
262,Andenes,NO,69.3143,16.1194,26.58,63,100,18.41,overcast clouds
263,Kavieng,PG,-2.5744,150.7967,81.16,78,100,8.46,moderate rain
264,Fez,MA,34.0372,-4.9998,60.91,50,0,4.61,clear sky
265,Todos Santos,MX,23.45,-110.2167,82.11,72,1,6.06,clear sky
266,Araquari,BR,-26.3703,-48.7211,73.35,88,100,3.44,mist
267,Usuki,JP,33.1081,131.7878,39.38,67,100,9.73,overcast clouds
268,San Andres,CO,12.5847,-81.7006,84.22,65,20,9.22,few clouds
269,Port Lincoln,AU,-34.7333,135.8667,64.26,88,32,14.38,scattered clouds
270,Bandarbeyla,SO,9.4942,50.8122,76.15,68,81,22.86,broken clouds
271,Sao Joao Da Barra,BR,-21.6403,-41.0511,87.89,82,27,16.28,scattered clouds
272,Grosseto,IT,42.8333,11.25,49.68,65,0,1.14,clear sky
273,Haverfordwest,GB,51.8017,-4.9691,49.55,79,73,1.99,broken clouds
274,San Patricio,US,28.017,-97.5169,65.07,28,8,3.71,clear sky
275,Sabaudia,IT,41.3003,13.0282,50.92,57,5,6.58,clear sky
276,Portland,US,45.5234,-122.6762,48.11,67,20,4.0,few clouds
277,Port Shepstone,ZA,-30.7414,30.455,73.24,82,100,11.61,light rain
278,Xining,CN,36.6167,101.7667,11.82,58,10,2.01,clear sky
279,Yerbogachen,RU,61.2767,108.0108,-24.39,100,80,3.29,broken clouds
280,Rocha,UY,-34.4833,-54.3333,78.96,50,10,12.28,clear sky
281,Burdur,TR,37.7203,30.2908,27.3,86,0,3.44,clear sky
282,Dharmanagar,IN,24.3667,92.1667,49.62,71,0,2.66,clear sky
283,La Ronge,CA,55.1001,-105.2842,8.85,66,100,4.61,overcast clouds
284,Shumyachi,RU,53.8583,32.4242,23.23,94,100,5.5,overcast clouds
285,Bundaberg,AU,-24.85,152.35,73.69,95,100,1.99,overcast clouds
286,Matara,LK,5.9485,80.5353,77.56,87,99,5.82,overcast clouds
287,Campbellford,CA,44.3084,-77.7995,15.31,39,0,1.99,clear sky
288,Waingapu,ID,-9.6567,120.2641,78.53,86,100,7.43,overcast clouds
289,San Policarpo,PH,12.1791,125.5072,78.96,84,22,4.94,few clouds
290,Staryy Nadym,RU,65.6118,72.6842,-7.82,95,100,9.22,overcast clouds
291,Vardo,NO,70.3705,31.1107,21.65,76,100,3.09,overcast clouds
292,Hami,CN,42.8,93.45,20.8,47,0,4.83,clear sky
293,Marondera,ZW,-18.1853,31.5519,62.29,94,100,6.51,moderate rain
294,Segovia,ES,41.1667,-4.0,51.19,30,4,6.38,clear sky
295,Mahebourg,MU,-20.4081,57.7,80.89,83,40,8.05,scattered clouds
296,Rawson,AR,-43.3002,-65.1023,82.87,32,24,3.18,few clouds
297,Chernyshkovskiy,RU,48.4219,42.2308,34.21,97,100,14.9,overcast clouds
298,Acapulco,MX,16.8634,-99.8901,85.53,55,6,8.39,clear sky
299,Macamic,CA,48.7502,-78.9996,7.03,81,72,4.85,broken clouds
300,Ngama,TD,11.7833,17.1667,72.05,16,5,11.97,clear sky
301,Linden,GY,6.0,-58.3,86.14,36,58,4.18,broken clouds
302,Alyangula,AU,-13.8483,136.4192,80.47,89,100,10.36,overcast clouds
303,Asau,RO,46.4333,26.4,27.52,88,100,6.98,overcast clouds
304,Severnyy,RU,50.677,36.5532,32.04,93,100,8.95,heavy snow
305,Sabha,LY,27.0377,14.4283,50.85,29,7,6.87,clear sky
306,Tura,IN,25.5198,90.2201,51.33,56,0,1.7,clear sky
307,Kenai,US,60.5544,-151.2583,19.09,92,20,4.61,few clouds
308,Avera,US,33.194,-82.5271,42.91,25,0,14.65,clear sky
309,Hamilton,US,39.1834,-84.5333,26.65,60,11,1.01,few clouds
310,Koungheul,SN,13.9833,-14.8,90.27,10,99,6.49,overcast clouds
311,Jacareacanga,BR,-6.2222,-57.7528,78.84,82,100,3.0,overcast clouds
312,Kpandae,GH,8.4689,-0.0113,89.06,13,85,6.04,overcast clouds
313,Paris,FR,48.8534,2.3488,51.12,91,100,5.01,overcast clouds
314,Evensk,RU,61.95,159.2333,21.58,79,100,14.27,overcast clouds
315,Guerrero Negro,MX,27.9769,-114.0611,69.78,29,7,4.18,clear sky
316,Esperance,AU,-33.8667,121.9,64.24,76,0,14.9,clear sky
317,Belmonte,BR,-15.8631,-38.8828,84.7,69,25,11.77,scattered clouds
318,Kokopo,PG,-4.352,152.2633,77.4,86,100,5.48,light rain
319,Medford,US,42.3265,-122.8756,56.3,52,51,1.72,broken clouds
320,San Bartolome De Tirajana,ES,27.9248,-15.5733,57.31,56,3,14.97,haze
321,Lata,PT,40.1629,-8.3327,61.21,49,0,4.74,clear sky
322,Lavrentiya,RU,65.5833,-171.0,-4.56,84,6,3.78,clear sky
323,Tuktoyaktuk,CA,69.4541,-133.0374,-9.4,77,75,12.66,light snow
324,Mehamn,NO,71.0357,27.8492,19.62,84,99,7.05,overcast clouds
325,Belle Fourche,US,44.6714,-103.8522,54.5,15,1,15.9,clear sky
326,Qaqortoq,GL,60.7167,-46.0333,16.23,91,100,2.77,light snow
327,Provideniya,RU,64.3833,-173.3,2.21,87,7,5.39,clear sky
328,San Isidro,PE,-12.1167,-77.05,74.79,64,0,12.66,clear sky
329,Zorgo,BF,12.2489,-0.6158,81.3,13,8,9.64,clear sky
330,Khatanga,RU,71.9667,102.5,-4.16,99,100,5.01,overcast clouds
331,Balsas,BR,-7.5325,-46.0356,79.23,75,53,9.1,broken clouds
332,Tarime,TZ,-1.35,34.3667,67.51,73,100,2.93,overcast clouds
333,Srednekolymsk,RU,67.45,153.6833,-24.63,100,89,5.06,overcast clouds
334,Chavakachcheri,LK,9.6579,80.1643,78.01,85,30,11.88,scattered clouds
335,Canaries,ES,28.0,-15.5,60.39,52,5,14.97,haze
336,General Elizardo Aquino,PY,-24.4333,-56.7,96.49,20,0,6.42,clear sky
337,Dunedin,NZ,-45.8742,170.5036,60.8,84,100,3.0,light rain
338,Hithadhoo,MV,-0.6,73.0833,81.28,65,100,1.77,overcast clouds
339,Caribou,US,46.8606,-68.012,4.08,67,100,14.97,snow
340,Luebo,CD,-5.35,21.4167,72.09,92,100,0.85,light rain
341,Lujan,AR,-34.5703,-59.105,86.68,48,96,1.99,overcast clouds
342,Peno,RU,56.9262,32.7426,21.33,88,100,9.06,overcast clouds
343,Taiobeiras,BR,-15.8078,-42.2331,76.62,73,100,3.71,overcast clouds
344,Constitucion,CL,-35.3333,-72.4167,66.15,73,51,10.6,broken clouds
345,Camopi,GF,3.1655,-52.3158,77.4,92,78,3.42,light rain
346,Suntar,RU,62.1444,117.6319,-17.91,97,19,4.99,few clouds
347,Namibe,AO,-15.1961,12.1522,72.5,77,100,9.13,overcast clouds
348,Alofi,NU,-19.0595,-169.9187,75.09,94,100,1.14,overcast clouds
349,Iqaluit,CA,63.7506,-68.5145,-7.87,59,100,8.05,light snow
350,Lagoa,PT,39.05,-27.9833,57.92,76,84,11.3,broken clouds
351,Kysyl-Syr,RU,63.8986,122.7617,-15.79,100,99,4.54,overcast clouds
352,Am Timan,TD,11.0297,20.2827,78.76,16,97,5.23,overcast clouds
353,Graaff-Reinet,ZA,-32.2522,24.5308,73.92,57,0,8.37,clear sky
354,Antofagasta,CL,-23.65,-70.4,72.21,58,23,9.62,few clouds
355,Padang,ID,-0.9492,100.3543,77.38,89,96,2.8,overcast clouds
356,Francisco Sa,BR,-16.4758,-43.4883,78.98,71,64,9.24,broken clouds
357,Teluk Nibung,ID,3.001,99.8164,75.99,94,100,5.66,overcast clouds
358,Panzhihua,CN,26.5851,101.7128,43.84,52,0,1.63,clear sky
359,Sinnamary,GF,5.3833,-52.95,80.89,71,100,8.08,overcast clouds
360,Baglung,NP,28.2719,83.5898,45.09,83,26,2.68,scattered clouds
361,Torbay,CA,47.6666,-52.7314,33.58,87,100,17.27,light snow
362,Verkhnetulomskiy,RU,68.6073,31.7962,14.13,99,99,0.54,overcast clouds
363,Husavik,IS,66.0449,-17.3389,30.11,76,11,21.23,few clouds
364,Abha,SA,18.2164,42.5053,53.85,82,0,0.0,clear sky
365,Suez,EG,29.9737,32.5263,55.22,53,7,2.33,clear sky
366,Caravelas,BR,-17.7125,-39.2481,84.25,66,0,11.36,clear sky
367,Dwarka,IN,22.2394,68.9678,68.7,56,0,9.91,clear sky
368,Traverse City,US,44.7631,-85.6206,23.72,74,100,9.44,overcast clouds
369,Sobolevo,RU,54.4299,31.8996,23.18,93,100,7.92,overcast clouds
370,Camocim,BR,-2.9022,-40.8411,81.73,68,100,9.73,overcast clouds
371,Taltal,CL,-25.4,-70.4833,68.92,68,11,7.23,few clouds
372,Banjar,ID,-8.19,114.9675,78.66,91,100,3.94,light rain
373,Gondanglegi,ID,-7.7479,112.0132,75.81,93,100,4.65,overcast clouds
374,Rimbey,CA,52.6334,-114.2353,37.92,79,100,5.39,overcast clouds
375,Dandong,CN,40.1292,124.3947,15.85,51,0,4.92,clear sky
376,Mana,GF,5.6592,-53.7767,81.34,70,93,8.84,overcast clouds
377,Ucluelet,CA,48.9329,-125.5528,43.09,89,100,1.01,overcast clouds
378,Vitorino Freire,BR,-4.0667,-45.1667,77.16,90,100,2.55,overcast clouds
379,Rock Island,US,41.45,-90.5168,30.69,50,70,1.99,broken clouds
380,Dekar,BW,-21.5333,21.9333,76.32,57,89,11.48,overcast clouds
381,Gazanjyk,TM,39.2446,55.5154,39.4,74,6,10.04,clear sky
382,Ballina,AU,-28.8667,153.5667,69.98,94,40,4.61,scattered clouds
383,Lebanon,US,36.2081,-86.2911,31.48,51,0,4.61,clear sky
384,Nelson Bay,AU,-32.7167,152.15,72.95,90,92,9.89,overcast clouds
385,Ongandjera,NA,-17.8833,15.0667,83.7,36,100,12.24,light rain
386,Chicama,PE,-7.8447,-79.1469,70.34,57,70,11.95,broken clouds
387,Fortuna,US,40.5982,-124.1573,55.98,65,0,5.99,clear sky
388,Bonthe,SL,7.5264,-12.505,80.2,74,100,8.93,overcast clouds
389,Healdsburg,US,38.6105,-122.8692,63.9,42,7,1.77,clear sky
390,Novyy Urgal,RU,51.0736,132.5642,-34.37,100,94,1.63,overcast clouds
391,Lorengau,PG,-2.0226,147.2712,80.55,80,96,7.96,overcast clouds
392,Akdepe,TM,42.0551,59.3788,28.4,74,1,5.93,clear sky
393,Ileza,RU,61.0533,43.9002,13.66,97,100,3.94,overcast clouds
394,Searcy,US,35.2506,-91.7363,45.01,36,0,9.22,clear sky
395,Olinda,BR,-8.0089,-34.8553,82.13,65,75,3.44,broken clouds
396,Maymyo,MM,22.0333,96.4667,48.96,73,0,1.48,clear sky
397,Alamosa,US,37.4695,-105.87,33.35,61,1,1.19,clear sky
398,Naze,JP,28.3667,129.4833,56.97,78,100,12.26,overcast clouds
399,Hurghada,EG,27.2574,33.8129,56.46,53,0,14.79,clear sky
400,Dawson Creek,CA,55.7666,-120.2362,37.04,65,75,3.44,broken clouds
401,Collie,AU,-33.3667,116.15,62.98,84,0,5.86,clear sky
402,Moerai,PF,-22.4333,-151.3333,79.09,77,2,9.55,clear sky
403,Marawi,PH,7.9986,124.2928,67.64,93,81,0.31,broken clouds
404,Mackay,AU,-21.15,149.2,75.18,88,75,8.05,broken clouds
405,Aswan,EG,24.0934,32.907,54.32,35,0,11.36,clear sky
406,Inhambane,MZ,-23.865,35.3833,77.0,83,20,5.01,few clouds
407,Rodrigues Alves,BR,-7.738,-72.6509,88.0,83,100,3.98,light rain
408,Lae,PG,-6.7221,146.9847,75.78,88,100,7.96,overcast clouds
409,Mitsamiouli,KM,-11.3847,43.2844,80.89,83,20,2.3,few clouds
410,Ust-Omchug,RU,61.15,149.6333,-12.82,99,94,6.17,overcast clouds
411,Heinola,FI,61.2056,26.0381,27.0,95,100,15.64,light snow
412,Kanniyakumari,IN,8.0833,77.5667,78.71,81,33,17.36,scattered clouds
413,Segezha,RU,63.7415,34.3222,16.83,83,100,15.35,overcast clouds
414,Tautira,PF,-17.7333,-149.15,78.82,76,99,15.08,overcast clouds
415,Torres,BR,-29.3353,-49.7269,69.82,64,55,8.3,broken clouds
416,Pangkalanbuun,ID,-2.6833,111.6167,75.0,93,100,1.43,overcast clouds
417,Ilulissat,GL,69.2167,-51.1,7.47,74,100,18.92,overcast clouds
418,Umm Lajj,SA,25.0213,37.2685,64.81,47,0,12.35,clear sky
419,Sao Filipe,CV,14.8961,-24.4956,71.06,71,100,11.9,overcast clouds
420,Tshikapa,CD,-6.4167,20.8,72.91,87,100,1.23,overcast clouds
421,Cosmopolis,BR,-22.6458,-47.1961,74.28,100,100,1.9,overcast clouds
422,Boa Vista,BR,2.8197,-60.6733,89.58,43,75,10.36,broken clouds
423,Rayong,TH,12.8333,101.4333,81.72,99,97,5.32,overcast clouds
424,Sacueni,RO,47.35,22.1,34.21,80,100,17.54,light snow
425,Tuatapere,NZ,-46.1333,167.6833,61.83,93,100,4.09,light rain
426,Ous,RU,60.9058,61.5186,6.55,96,100,3.24,overcast clouds
427,Oxford,GB,51.7522,-1.256,50.41,75,20,1.99,few clouds
428,Mandurah,AU,-32.55,115.7,75.45,71,47,13.29,scattered clouds
429,Rakoczifalva,HU,47.0833,20.2333,40.12,70,100,13.8,light rain
430,Norman Wells,CA,65.282,-126.8329,-30.96,68,75,5.75,broken clouds
431,Varca,IN,15.2167,73.9167,78.8,57,0,3.44,clear sky
432,Raahe,FI,64.6833,24.4833,26.69,97,100,9.53,light snow
433,Finschhafen,PG,-6.6024,147.8681,78.6,87,100,2.04,overcast clouds
434,Davila,PH,18.4726,120.5763,78.78,89,100,4.74,moderate rain
435,Lugovoy,KZ,42.9472,72.7644,30.74,93,89,4.79,light snow
436,Svetlogorsk,BY,52.6333,29.7333,21.69,96,92,8.39,overcast clouds
437,Marrakesh,MA,31.6315,-8.0083,69.87,28,40,4.61,scattered clouds
438,Ugoofaaru,MV,5.6667,73.0,82.11,73,47,15.77,scattered clouds
439,Petropavlovsk-Kamchatskiy,RU,53.0452,158.6483,16.39,100,75,4.47,broken clouds
440,Isangel,VU,-19.55,169.2667,77.11,94,100,17.27,moderate rain
441,Pepperell,US,42.6659,-71.5884,19.15,89,100,10.0,heavy snow
442,Tazovskiy,RU,67.4667,78.7,-16.31,100,98,5.86,overcast clouds
443,Manokwari,ID,-0.8667,134.0833,77.85,77,100,7.27,overcast clouds
444,Kathmandu,NP,27.7167,85.3167,41.22,93,20,3.44,few clouds
445,Enshi,CN,30.3,109.4833,35.01,95,51,1.57,broken clouds
446,Shingu,JP,33.7333,135.9833,38.37,76,95,6.6,overcast clouds
447,Pochutla,MX,15.7432,-96.4661,87.82,44,0,10.6,clear sky
448,Beroroha,MG,-21.6667,45.1667,81.39,63,10,6.13,clear sky
449,Henderson,US,36.0397,-114.9819,60.12,18,0,0.0,clear sky
450,Opuwo,NA,-18.0607,13.84,73.8,36,100,13.04,overcast clouds
451,Cherskiy,RU,68.75,161.3,-29.4,100,23,1.41,few clouds
452,Chimore,BO,-16.9833,-65.1333,76.28,86,100,1.1,overcast clouds
453,Big Spring,US,32.2504,-101.4787,57.27,22,0,8.01,clear sky
454,Mayo,US,38.8876,-76.5119,28.74,45,40,18.99,scattered clouds
455,Rybachiy,RU,48.7073,44.7449,35.46,99,100,15.64,light rain
456,Ancud,CL,-41.8697,-73.8203,71.42,70,33,11.97,scattered clouds
457,Aksarka,RU,66.5606,67.7975,-16.71,100,100,6.53,overcast clouds
458,Ruwi,OM,23.5996,58.5507,72.16,63,2,3.62,clear sky
459,Neiafu,TO,-18.65,-173.9833,82.42,74,85,14.03,overcast clouds
460,Savannah Bight,HN,16.45,-85.85,82.45,75,84,18.54,broken clouds
461,Izumo,JP,35.3667,132.7667,33.75,64,100,4.52,overcast clouds
462,Bilibino,RU,68.0546,166.4372,-3.75,87,100,2.89,overcast clouds
463,Codrington,AU,-38.2667,141.9667,60.67,89,72,5.08,broken clouds
464,San Quintin,MX,30.4833,-115.95,66.27,34,5,2.77,clear sky
465,Qui Nhon,VN,13.7667,109.2333,71.49,86,100,5.17,overcast clouds
466,Igrim,RU,63.1906,64.4162,-3.03,96,95,5.41,overcast clouds
467,Albanel,CA,48.8832,-72.4487,-11.06,58,100,0.0,overcast clouds
468,Ivankiv,UA,50.9386,29.8943,29.61,93,84,7.34,broken clouds
469,Xinan,CN,26.72,119.8556,47.73,90,100,1.79,overcast clouds
470,Puri,IN,19.8,85.85,57.72,41,4,2.64,clear sky
471,Rio Grande,BR,-32.035,-52.0986,80.71,52,0,14.18,clear sky
472,Sovetskiy,RU,61.3614,63.5842,1.49,97,100,3.22,overcast clouds
473,Tezu,IN,27.9167,96.1667,50.99,53,0,3.98,clear sky
474,Russell,US,32.3502,-85.1999,42.06,24,0,12.66,clear sky
475,Broome,US,42.2506,-75.833,13.69,54,100,3.0,overcast clouds
476,Veinticinco De Mayo,AR,-35.4323,-60.1727,86.05,43,98,3.0,overcast clouds
477,Dalvik,IS,65.9702,-18.5286,30.13,76,41,17.09,scattered clouds
478,Khonsa,IN,27.0167,95.5667,44.67,84,0,3.58,clear sky
479,Filadelfia,US,39.9523,-75.1638,22.19,82,100,5.99,overcast clouds
480,Kununurra,AU,-15.7667,128.7333,78.78,94,100,3.44,light rain
481,Nipawin,CA,53.3668,-104.0009,14.04,79,100,3.44,overcast clouds
482,Kovur,IN,14.4833,79.9833,71.33,82,2,2.19,clear sky
483,Anakapalle,IN,17.6833,83.0167,64.35,73,1,1.66,clear sky
484,Belaya Kholunitsa,RU,58.84,50.8528,8.85,97,100,5.59,overcast clouds
485,Xinglongshan,CN,43.9561,125.4661,10.15,61,0,6.71,clear sky
486,Ostersund,SE,63.1792,14.6357,30.65,100,100,11.5,overcast clouds
487,Iguape,BR,-24.7081,-47.5553,72.21,94,100,8.08,overcast clouds
488,Eureka,US,40.8021,-124.1637,56.25,66,1,1.01,clear sky
489,Byron Bay,AU,-28.65,153.6167,71.55,84,87,8.03,overcast clouds
490,Grande-Synthe,FR,51.0154,2.2998,51.21,82,12,4.0,few clouds
491,Storslett,NO,69.7678,21.0247,15.91,81,24,9.93,few clouds
492,Sal Rei,CV,16.1833,-22.9167,71.8,60,75,14.97,broken clouds
493,Kogon,UZ,39.7228,64.5517,33.84,93,0,4.61,clear sky
494,Xingyi,CN,24.1877,102.817,40.93,63,0,2.55,clear sky
495,Maceio,BR,-9.6658,-35.7353,85.44,61,100,5.75,overcast clouds
496,Vaniyambadi,IN,12.6833,78.6167,71.33,85,98,3.58,overcast clouds
497,Hare Bay,CA,48.8499,-54.0148,33.4,95,100,9.69,light snow
498,Katangli,RU,51.7102,143.2326,-16.98,97,100,5.3,overcast clouds
499,Pendleton,US,45.6721,-118.7886,31.42,80,75,6.91,broken clouds
500,Medicine Hat,CA,50.0501,-110.6683,44.31,41,75,6.91,broken clouds
501,Nemuro,JP,43.3236,145.575,19.04,79,73,15.57,broken clouds
502,Singaraja,ID,-8.112,115.0882,77.97,84,100,3.09,light rain
503,Half Moon Bay,US,37.4636,-122.4286,61.18,68,0,1.01,haze
504,Kerman,IR,30.2832,57.0788,51.66,22,0,6.91,clear sky
505,Bella Vista,US,36.4295,-94.2316,55.06,37,0,1.99,clear sky
506,Usta Muhammad,PK,28.1794,68.0445,58.19,25,0,3.02,clear sky
507,Farafangana,MG,-22.8167,47.8333,75.6,78,5,7.09,clear sky
508,Yen Bai,VN,21.7,104.8667,56.37,89,100,3.13,overcast clouds
509,Boyolangu,ID,-8.1181,111.8935,76.98,90,100,2.44,light rain
510,Impfondo,CG,1.6381,18.0667,79.59,27,50,2.55,scattered clouds
511,Miraflores,MX,19.2167,-98.8083,63.86,44,7,3.69,clear sky
512,Torrington,US,41.8007,-73.1212,15.3,86,100,11.99,light snow
513,Bolec,RS,44.7247,20.6033,35.35,71,100,4.47,overcast clouds
514,Christchurch,NZ,-43.5333,172.6333,60.01,90,75,4.0,broken clouds
515,Buin,CL,-33.7333,-70.75,82.06,31,0,11.95,clear sky
516,Ibra,OM,22.6906,58.5334,67.24,51,5,5.39,clear sky
517,Port Macquarie,AU,-31.4333,152.9167,67.96,79,100,2.95,overcast clouds
518,Garissa,KE,-0.4536,39.6401,86.41,38,65,6.69,broken clouds
519,Coihaique,CL,-45.5752,-72.0662,68.61,42,75,6.91,broken clouds
520,Oksbol,DK,55.6268,8.2876,44.71,76,100,45.66,overcast clouds
521,Robinson,US,31.4677,-97.1147,67.19,23,0,4.0,clear sky
522,Saint-Jean-Port-Joli,CA,47.2171,-70.2658,10.71,83,100,22.7,overcast clouds
523,Kodinsk,RU,58.6881,99.1844,-3.6,99,100,2.59,overcast clouds
524,Mount Gambier,AU,-37.8333,140.7667,62.51,82,100,8.05,overcast clouds
525,Turukhansk,RU,65.8167,87.9833,2.25,95,100,10.0,overcast clouds
526,Scarborough,GB,54.2797,-0.4044,46.53,69,7,5.01,clear sky
527,Kilemary,RU,56.7783,46.8659,14.76,95,100,5.97,overcast clouds
528,Makanya,TZ,-4.3667,37.8333,73.09,82,100,4.94,moderate rain
529,El Cairo,CO,4.7591,-76.2223,74.3,87,99,4.09,overcast clouds
530,Kavaratti,IN,10.5669,72.642,80.85,73,72,6.06,broken clouds
531,Black River,JM,18.0264,-77.8487,82.4,51,0,11.72,clear sky
532,Aktas,KZ,49.7789,72.9608,19.15,94,99,9.69,overcast clouds
533,Yatou,CN,37.15,122.3833,28.62,53,93,10.36,overcast clouds
534,Mizan Teferi,ET,6.9833,35.5833,69.58,42,17,0.69,few clouds
535,Ust-Nera,RU,64.5667,143.2,-15.61,100,100,1.01,overcast clouds
536,Mugumu,TZ,-1.85,34.7,64.67,77,100,2.82,overcast clouds
537,Pontes E Lacerda,BR,-15.2261,-59.3353,74.03,96,100,1.57,overcast clouds
538,Aklavik,CA,68.2191,-135.0107,-17.57,69,75,2.3,broken clouds
539,Changli,CN,39.7042,119.1506,22.42,54,0,3.42,clear sky
540,College,US,64.8569,-147.8028,-15.0,73,20,0.0,few clouds
541,Susehri,TR,40.1644,38.0867,11.26,79,100,1.34,overcast clouds
542,Maniitsoq,GL,65.4167,-52.9,10.11,75,100,29.3,light snow
543,Yeppoon,AU,-23.1333,150.7333,74.98,84,99,13.42,overcast clouds
544,Tomatlan,MX,19.9333,-105.25,88.2,34,0,8.95,clear sky
545,Lloro,CO,5.4961,-76.5495,80.6,85,88,2.19,overcast clouds
546,Solano,US,38.2333,-121.9511,60.93,59,0,0.0,clear sky
547,Zhaotong,CN,27.3167,103.7167,30.34,83,4,2.15,clear sky
548,Vila Velha,BR,-20.3297,-40.2925,87.75,70,20,15.99,few clouds
549,Tevriz,RU,57.509,72.4042,4.78,94,100,4.56,overcast clouds
550,Aguimes,ES,27.9054,-15.4461,63.66,52,2,14.97,haze
551,Alexandria,EG,31.2156,29.9553,53.56,82,40,4.61,scattered clouds
552,Corn Island,NI,12.1694,-83.0418,79.05,74,4,19.53,clear sky
553,Joensuu,FI,62.6012,29.7632,24.28,91,100,19.57,overcast clouds
554,Lake City,US,30.1897,-82.6393,45.59,31,0,18.41,clear sky
555,Arlit,NE,18.7369,7.3853,67.15,13,0,13.38,clear sky
556,Mpongwe,ZM,-13.5091,28.155,65.95,94,100,1.7,light rain
557,Kirakira,SB,-10.4544,161.9205,79.48,86,100,8.19,light rain
558,Fukue,JP,32.6881,128.8419,47.35,51,100,12.68,overcast clouds
559,Iraray,PH,8.9936,118.0511,77.11,87,57,3.42,broken clouds
560,Deputatskiy,RU,69.3,139.9,-19.21,87,100,2.1,overcast clouds
561,Mandiana,GN,10.6333,-8.6833,85.3,15,33,5.19,scattered clouds
562,Basay,PH,9.4087,122.64,77.83,83,47,3.47,scattered clouds
563,Cockburn Town,TC,21.4612,-71.1419,80.56,65,40,9.82,scattered clouds
564,Vaitape,PF,-16.5167,-151.75,80.17,74,18,12.5,moderate rain
565,Itatskiy,RU,56.07,89.0369,1.81,97,98,3.74,overcast clouds
566,Pimenteiras,BR,-6.2453,-41.4192,82.6,57,100,3.65,moderate rain
567,Sola,VU,-13.8833,167.55,82.62,78,100,22.73,overcast clouds
568,Warrensburg,US,38.7628,-93.7361,50.56,37,0,8.05,clear sky
569,Jacqueville,CI,5.2052,-4.4146,84.11,83,60,9.86,broken clouds
570,Rodopolis,GR,41.2578,22.9983,43.92,70,2,5.61,clear sky
571,Tual,ID,-5.6667,132.75,83.21,76,100,14.92,overcast clouds
572,Oranjemund,NA,-28.55,16.4333,65.8,85,38,11.23,scattered clouds
573,Sangar,RU,63.9242,127.4739,-34.76,99,88,2.37,overcast clouds
574,Saint-Raymond,CA,45.467,-73.6095,9.41,60,75,11.5,broken clouds
575,Kruisfontein,ZA,-34.0033,24.7314,67.89,80,0,9.69,clear sky
576,Karratha,AU,-20.7377,116.8463,81.59,61,95,18.48,overcast clouds
577,Ukiah,US,39.1502,-123.2078,62.02,35,1,2.55,clear sky
578,Termoli,IT,41.9888,14.9895,39.58,54,1,5.44,clear sky
579,Te Anau,NZ,-45.4167,167.7167,55.96,92,100,2.53,overcast clouds
580,Sayyan,YE,15.1718,44.3244,54.77,45,3,1.7,clear sky
581,Puerto Leguizamo,CO,-0.1934,-74.7819,92.86,33,100,4.21,overcast clouds
582,Hay River,CA,60.8156,-115.7999,-2.22,78,75,6.91,broken clouds
583,Brae,GB,60.3964,-1.353,39.11,79,92,42.37,overcast clouds
584,Khorixas,NA,-20.3667,14.9667,71.33,51,100,12.35,overcast clouds
585,Sibolga,ID,1.7427,98.7792,74.52,93,69,2.53,broken clouds
586,Resistencia,AR,-27.4606,-58.9839,96.1,29,0,13.8,light rain
587,Lensk,RU,60.7253,114.9278,-6.72,97,100,7.27,overcast clouds
588,Jardim,BR,-21.4803,-56.1381,90.46,44,53,2.08,broken clouds
589,Camacha,PT,33.0833,-16.3333,61.56,67,0,11.5,clear sky
590,Anadyr,RU,64.75,177.4833,-8.9,77,40,0.0,fog
591,Mount Isa,AU,-20.7333,139.5,74.97,100,75,6.91,broken clouds
592,Wajima,JP,37.4,136.9,35.65,67,100,18.1,overcast clouds
593,Mogadishu,SO,2.0371,45.3438,77.67,80,9,22.15,clear sky
594,Denia,ES,38.8408,0.1057,55.74,71,0,5.32,clear sky
595,San Jose Iturbide,MX,21.0,-100.3833,58.68,62,55,4.34,broken clouds
596,Bela,IN,25.9333,81.9833,51.17,66,0,7.54,clear sky
597,Kostyantynivka,UA,48.5277,37.7069,30.7,95,100,13.15,overcast clouds
598,Boca Do Acre,BR,-8.7522,-67.3978,79.77,91,100,0.76,overcast clouds
599,Quatre Cocos,MU,-20.2078,57.7625,80.71,75,92,15.48,overcast clouds
600,Port Blair,IN,11.6667,92.75,77.04,88,75,2.3,mist
601,Aykhal,RU,66.0,111.5,-19.71,99,5,4.83,clear sky
602,Shipitsyno,RU,61.2806,46.5208,17.71,93,100,7.87,light snow
603,Iraucuba,BR,-3.7461,-39.7833,87.22,44,100,6.96,overcast clouds
604,Khartoum,SD,15.5518,32.5324,70.02,19,5,14.76,clear sky
605,Bindura,ZW,-17.3019,31.3306,67.14,95,100,6.69,heavy intensity rain
606,Miri,MY,4.4148,114.0089,78.94,94,40,2.3,scattered clouds
607,Thinadhoo,MV,0.5333,72.9333,81.79,71,100,5.95,overcast clouds
608,Seinajoki,FI,62.7945,22.8282,32.58,95,100,3.0,light snow
609,Wanning,CN,18.8003,110.3967,65.59,85,100,9.91,overcast clouds
610,Puerto Asis,CO,0.5133,-76.5007,88.36,43,100,2.33,overcast clouds
611,Puerto Suarez,BO,-18.95,-57.8,75.76,100,100,3.44,mist
612,Phonhong,LA,18.5007,102.4166,68.09,62,26,2.21,scattered clouds
613,Voznesenye,RU,61.0106,35.4781,0.99,98,100,3.96,overcast clouds
614,Tawau,MY,4.2498,117.8871,73.53,88,96,1.99,overcast clouds
615,Basco,PH,20.4487,121.9702,74.35,89,100,23.78,light rain
616,Hauterive,FR,46.0901,3.4459,39.02,91,100,1.74,overcast clouds
617,Morehead,US,37.2711,-87.1764,32.85,54,0,1.01,clear sky
618,Hirado,JP,33.3597,129.5531,43.36,50,100,11.77,overcast clouds
619,Gondar,ET,12.6,37.4667,59.72,56,6,5.59,clear sky
620,Khandwa,IN,21.8333,76.3333,61.27,26,0,1.32,clear sky
621,Viransehir,TR,37.2353,39.7631,36.9,94,100,2.55,overcast clouds
622,Shakawe,BW,-18.3667,21.85,67.46,93,99,5.53,overcast clouds
623,Victoria,HK,22.2855,114.1577,62.26,81,100,15.01,overcast clouds
624,Shimoda,JP,34.6667,138.95,40.1,67,56,7.27,broken clouds
625,Gat,IL,31.61,34.7642,50.4,80,0,3.71,clear sky
626,Sisimiut,GL,66.9395,-53.6735,10.13,89,100,27.13,snow
627,Nalut,LY,30.3333,10.85,46.65,30,0,10.36,clear sky
628,Corumba,BR,-19.0092,-57.6533,75.11,100,100,3.44,mist
629,Axim,GH,4.8699,-2.2405,81.27,79,49,8.84,scattered clouds
630,Kuryk,KZ,43.2,51.65,39.74,93,100,13.8,overcast clouds
631,Burnie,AU,-41.0667,145.9167,60.94,96,78,8.88,broken clouds
632,El Alto,PE,-4.2714,-81.2147,80.26,69,100,11.43,overcast clouds
633,Kralendijk,BQ,12.15,-68.2667,78.44,70,23,8.32,few clouds
634,Takoradi,GH,4.8845,-1.7554,80.76,82,8,8.32,clear sky
635,Anju,KP,39.6178,125.6647,18.61,51,0,4.79,clear sky
636,Weihe,CN,32.9952,105.3247,32.0,92,100,2.51,light snow
637,Boddam,GB,57.4667,-1.7833,42.12,71,7,39.44,clear sky
638,Bouca,CF,6.5105,18.2733,78.91,18,95,4.21,overcast clouds
639,Marzuq,YE,14.4,46.4667,63.37,73,7,4.7,clear sky
640,Pirgos,GR,35.1167,25.7178,52.63,83,100,9.37,overcast clouds
641,Roald,NO,62.5833,6.1333,37.54,87,75,24.16,broken clouds
642,Karema,TZ,-6.8205,30.4389,70.9,87,67,4.97,light rain
643,Sawtell,AU,-30.3833,153.1,69.19,96,40,1.14,scattered clouds
644,Kendari,ID,-3.945,122.4989,75.31,92,100,3.15,overcast clouds
645,Salina,US,38.8403,-97.6114,56.3,18,0,12.75,clear sky
646,Cayenne,GF,4.9333,-52.3333,84.24,81,75,5.01,broken clouds
647,Kazachinskoye,RU,57.6953,93.2761,-0.24,99,99,2.82,overcast clouds
648,Chapais,CA,49.7834,-74.8492,-4.22,76,6,4.41,clear sky
649,Oudtshoorn,ZA,-33.5907,22.2014,64.76,70,0,5.86,clear sky
650,Rio Bravo,MX,25.9833,-98.1,63.93,31,13,4.97,few clouds
651,Zaozerne,UA,45.1582,33.2787,37.38,73,100,13.67,overcast clouds
652,Valparaiso,CL,-33.0393,-71.6273,73.04,63,20,11.5,few clouds
653,Kasongo-Lunda,CD,-6.4667,16.8167,76.5,76,100,1.39,overcast clouds
654,Plymouth,US,41.8334,-70.8328,23.72,93,100,14.97,fog
655,Zyryanka,RU,65.75,150.85,-20.36,100,82,0.6,broken clouds
656,San Cristobal,VE,7.7669,-72.225,80.78,35,6,9.86,clear sky
657,Indiaroba,BR,-11.5192,-37.5117,80.4,76,98,7.94,overcast clouds
658,Guangyuan,CN,32.442,105.823,39.9,96,100,3.06,overcast clouds
659,Barbastro,ES,42.0356,0.1269,46.94,52,0,2.33,clear sky
660,Alappuzha,IN,9.49,76.3264,79.63,70,7,2.98,clear sky
661,Mahon,ES,39.8885,4.2658,45.16,93,0,3.44,clear sky
662,Ust-Uda,RU,54.1742,103.0304,-21.82,100,94,0.54,overcast clouds
663,Havoysund,NO,70.9963,24.6622,16.68,71,93,15.43,light snow
664,Nyrob,RU,60.733,56.7202,8.26,97,100,2.39,overcast clouds
665,Chikwawa,MW,-16.0335,34.8009,74.03,95,4,3.44,clear sky
666,Hangu,CN,39.2489,117.7892,21.24,43,0,1.16,clear sky
667,Riyadh,SA,24.6877,46.7219,55.54,33,0,11.27,clear sky
668,Namatanai,PG,-3.6667,152.4333,79.12,82,100,2.13,light rain
669,Monywa,MM,22.1167,95.1333,61.59,52,0,2.66,clear sky
670,Acandi,CO,8.5063,-77.2778,79.34,82,30,7.87,scattered clouds
671,Galle,LK,6.0367,80.217,78.4,85,100,4.68,overcast clouds
672,Ahuimanu,US,21.4447,-157.8378,77.45,71,5,3.0,clear sky
673,Laredo,US,27.5064,-99.5075,62.85,39,0,3.44,clear sky
674,Deniliquin,AU,-35.5333,144.9667,66.0,71,100,5.79,overcast clouds
675,Nhamunda,BR,-2.1861,-56.7131,78.67,85,100,6.35,overcast clouds
676,Baykit,RU,61.67,96.37,-1.1,100,100,1.12,overcast clouds
677,Nioro,GM,13.35,-15.75,89.76,12,68,6.31,broken clouds
678,Maarianhamina,AX,60.0973,19.9348,37.26,100,100,13.8,moderate rain
679,Darhan,MN,49.4867,105.9228,-15.21,99,86,3.02,overcast clouds
680,Santo Tomas,PH,14.1079,121.1414,79.05,93,4,0.83,clear sky
681,Barcelos,PT,41.5388,-8.6151,60.48,57,1,4.74,clear sky
682,Ceres,US,37.5949,-120.9577,60.71,56,100,5.77,overcast clouds
683,Birkenfeld,DE,48.8667,8.6333,44.53,88,100,17.27,overcast clouds
684,Vostok,RU,46.4856,135.8833,-17.07,99,100,3.87,overcast clouds
685,Skjervoy,NO,70.0311,20.9714,26.82,66,7,15.12,clear sky
686,Mackenzie,CA,55.2999,-123.1698,28.62,93,100,9.22,overcast clouds
687,Veraval,IN,20.9,70.3667,68.0,50,4,7.05,clear sky
